-- insert command \i migrations/createTable.sql
INSERT INTO scheduler.day (id, week_name) values (1, 'Monday');
INSERT INTO scheduler.day (id, week_name) values (2, 'Tuesday');
INSERT INTO scheduler.day (id, week_name) values (3, 'Wednesday');
INSERT INTO scheduler.day (id, week_name) values (4, 'Thursday');
INSERT INTO scheduler.day (id, week_name) values (5, 'Friday');
INSERT INTO scheduler.interviewer(id, name, avatar) values(1, 'Sylvia Palmer"', 'https://i.imgur.com/LpaY82x.png');
INSERT INTO scheduler.interviewer(id, name, avatar) values(2, 'Tori Malcolm', 'https://i.imgur.com/Nmx0Qxo.png');
INSERT INTO scheduler.interviewer(id, name, avatar) values(3, 'Mildred Nazir', 'https://i.imgur.com/T2WwVfS.png');
INSERT INTO scheduler.interviewer(id, name, avatar) values(4, 'Cohana Roy', 'https://i.imgur.com/FK8V841.jpg');
INSERT INTO scheduler.interviewer(id, name, avatar) values(5, 'Sven Jones', 'https://i.imgur.com/twYrpay.jpg');
-- expectation: Monday's available spots -> 4 / other days -> 5
INSERT INTO scheduler.appointment(id, time, day_id) values(1, '1PM', 1 );
INSERT INTO scheduler.appointment(id, time, day_id) values(2, '1PM', 2 );
INSERT INTO scheduler.appointment(id, time, day_id) values(3, '1PM', 3 );
INSERT INTO scheduler.appointment(id, time, day_id) values(4, '1PM', 4 );
INSERT INTO scheduler.appointment(id, time, day_id) values(5, '1PM', 5 );
INSERT INTO scheduler.appointment(id, time, day_id) values(6, '2PM', 1 );
INSERT INTO scheduler.appointment(id, time, day_id) values(7, '2PM', 2 );
INSERT INTO scheduler.appointment(id, time, day_id) values(8, '2PM', 3 );
INSERT INTO scheduler.appointment(id, time, day_id) values(9, '2PM', 4 );
INSERT INTO scheduler.appointment(id, time, day_id) values(10, '2PM', 5 );
INSERT INTO scheduler.appointment(id, time, day_id) values(11, '3PM', 1 );
INSERT INTO scheduler.appointment(id, time, day_id) values(12, '3PM', 2 );
INSERT INTO scheduler.appointment(id, time, day_id) values(13, '3PM', 3 );
INSERT INTO scheduler.appointment(id, time, day_id) values(14, '3PM', 4 );
INSERT INTO scheduler.appointment(id, time, day_id) values(15, '3PM', 5 );
INSERT INTO scheduler.appointment(id, time, day_id) values(16, '4PM', 1 );
INSERT INTO scheduler.appointment(id, time, day_id) values(17, '4PM', 2 );
INSERT INTO scheduler.appointment(id, time, day_id) values(18, '4PM', 3 );
INSERT INTO scheduler.appointment(id, time, day_id) values(19, '4PM', 4 );
INSERT INTO scheduler.appointment(id, time, day_id) values(20, '4PM', 5 );
INSERT INTO scheduler.appointment(id, time, day_id) values(21, '5PM', 1 );
INSERT INTO scheduler.appointment(id, time, day_id) values(22, '5PM', 2 );
INSERT INTO scheduler.appointment(id, time, day_id) values(23, '5PM', 3 );
INSERT INTO scheduler.appointment(id, time, day_id) values(23, '5PM', 4 );
INSERT INTO scheduler.appointment(id, time, day_id) values(24, '5PM', 5 );
INSERT INTO scheduler.interview(id, student, interviewer_id, appointment_id) values(1, 'yumiko', 1, 1);
INSERT INTO scheduler.interview(id, student, interviewer_id, appointment_id) values(2, 'masayuki', 2, 1);
INSERT INTO scheduler.interview(id, student, interviewer_id, appointment_id) values(3, 'hiroaki', 3, 1);
INSERT INTO scheduler.interview(id, student, interviewer_id, appointment_id) values(4, 'satoshi', 4, 1);
INSERT INTO scheduler.interview(id, student, interviewer_id, appointment_id) values(5, 'akira', 5, 1);
INSERT INTO scheduler.interview(id, student, interviewer_id, appointment_id) values(6, 'yuki', 2, 6);
INSERT INTO scheduler.interview(id, student, interviewer_id, appointment_id) values(7, 'arther', 3, 7);
INSERT INTO scheduler.interview(id, student, interviewer_id, appointment_id) values(8, 'toru', 2, 8);
INSERT INTO scheduler.interview(id, student, interviewer_id, appointment_id) values(9, 'aki', 5, 9);
-- INSERT INTO scheduler.available_interviewer(id, interviewer_id, day_id) values(1, 1, 1);

SELECT * FROM scheduler.day;
SELECT * FROM scheduler.interviewer;
SELECT * FROM scheduler.interview;
SELECT * FROM scheduler.appointment;
SELECT * FROM scheduler.available_interviewer;